command,mean,stddev,median,user,system,min,max,parameter_n_population
python alg_scripts/their_abc.py 500 10,2.5392079998,0.05703088782617828,2.5192223173999997,3.2809556199999994,0.014527799999999999,2.4832036099,2.6562249809000003,10
python alg_scripts/their_abc.py 500 20,4.9771452367,0.09361795213216959,4.9734467289,5.73807012,0.012433099999999999,4.8710503939,5.1135075229,20
python alg_scripts/their_abc.py 500 50,12.3719212631,0.3474697434708957,12.2801218159,13.12698422,0.0184973,12.0096600429,13.1211981049,50
python alg_scripts/their_abc.py 500 100,24.1952816597,0.5637443390592003,24.170617511899998,24.95303292,0.0173209,23.5067158929,25.3686373189,100
python alg_scripts/their_abc.py 500 200,47.85276008679999,0.9515040012352401,47.4147690704,48.595363320000004,0.0184509,47.009328742899996,49.757065796899994,200
python alg_scripts/their_abc.py 500 400,96.92044408099999,1.2207071805569871,97.0476153449,97.66535281999998,0.018583799999999994,94.7260203269,98.5673095689,400
